{
	"era": "diesel",
	"name": "Workhorse Mine Diesel",
	"works": "Rheaworks",
	"model": "immersiverailroading:models/rolling_stock/locomotives/workhorse/workhorse.obj",
	    "tex_variants": {
		"light grey": "light_grey",
		"grey": "grey",
		"black": "black",
		"brown": "brown",
		"red": "red",
		"orange": "orange",
		"yellow": "yellow",
		"lime": "lime",
		"green": "green",
		"cyan": "cyan",
		"light blue": "light_blue",
		"blue": "blue",
		"purple": "purple",
		"magenta": "magenta",
		"pink": "pink"
    },
	"darken_model": "-0.05",
	"model_gauge_m": 0.750,
	"recommended_gauge_m": 0.750,
	
	"properties": {
		"fuel_efficiency_%": 90,
		"fuel_capacity_l": 200,
		"horsepower": 22,
		"tractive_effort_lbf": 3260,
		"max_speed_kmh": 15,
		"weight_kg": 700
	},
	"passenger": {
		"slots": 1,
		"center_x": -0.548,
		"center_y": 1.1,
		"length": 0.2,
		"width": 0.4,
		"should_sit": true
	},
	"trucks": {
		"front": 1, 
		"rear": -1
	},
	"couplers": {
		"front_offset": 0,
		"rear_offset": 0
	},
		"sounds": {
		"horn": "sounds/diesel/horn/smallhorn.ogg"
	}
}
