{
	"name": "Super Chugger Seat",
	"works": "Rheaworks",
	"model": "immersiverailroading:models/rolling_stock/tender/chuggerseat/chuggerseat.obj",
	"darken_model": "0",
	"model_gauge_m": 0.750,
	"recommended_gauge_m": 0.750,
	"properties": {
		"weight_kg": 750
	},
	"passenger": {
		"slots": 1,
		"center_x": 0.25,
		"center_y": 0.83,
		"length": 0.3,
		"width": 0.45,
		"should_sit": true
	},
	"tank": {
		"capacity_l":  3000
	},
	"tender": {
		"slots": 4,
		"width": 2
	},
	"trucks": {
		"front": 1, 
		"rear": -1
	},
	"couplers": {
		"front_offset": -0.18,
		"rear_offset": 0
	}
}