{
	"name": "CCRW Cargo Filled Flatbed",
	"model": "immersiverailroading:models/rolling_stock/freight/mcgcargo/mcgcargo.obj",
	"darken_model": "-0.05",
	"show_current_loads_only": false,
	"model_gauge_m": 0.750,
	"recommended_gauge_m": 0.75,
	"properties": {
		"weight_kg": 500
	},
	"passenger": {
		"slots": 4,
		"center_x": -2.1,
		"center_y": 0.76,
		"length": 0.5,
		"width": 1.15,
		"should_sit": false
	},
	"freight": {
		"slots": 24,
		"width": 6,
		"cargo": ["all"]
	},
	"trucks": {
		"front": 1, 
		"rear": -1
	},
	"couplers": {
		"front_offset": 0,
		"rear_offset": 0
	}
}
