{
	"name": "Daytrip Car",
	"model": "immersiverailroading:models/rolling_stock/passenger/daytripper/daytripper.obj",
	"darken_model": "-0.05",
	"model_gauge_m": 0.750,
	"recommended_gauge_m": 0.75,
	"properties": {
		"weight_kg": 650
	},
	"passenger": {
		"slots": 20,
		"center_x": 0,
		"center_y": 0.76,
		"length": 2.5,
		"width": 1.15,
		"should_sit": false
	},
	"trucks": {
		"front": 1, 
		"rear": -1
	},
	"couplers": {
		"front_offset": 0.01,
		"rear_offset": 0.01
	}
}
